,id,idx,value
0,MG-bIQn5XYY,"0,1,14,9,28,3,38,13,31,4,33,5,77,2128,16,10,6,51,105,294","0.9678768,0.94913226,0.63917094,0.49243224,0.2696545,0.26300102,0.23507394,0.14098808,0.091845304,0.08491609,0.07089267,0.020264395,0.01652542,0.009246924,0.008243224,0.007746971,0.0045078923,0.00423574,0.0040385933,0.004028562"
,id,idx,value
0,MG-bIQn5XYY,"0,1,14,9,28,3,38,13,31,4,33,5,77,2128,16,10,6,51,105,294","0.9678766,0.94913346,0.6391717,0.49242082,0.2696561,0.26298603,0.23507255,0.14099182,0.09184605,0.08491573,0.07089285,0.020265412,0.016527452,0.009246248,0.008244075,0.0077468837,0.004507688,0.0042360537,0.0040387646,0.0040286733"
1,4v-rIjHpyEk,"0,1,14,3,12,9,4,38,13,192,105,28,294,237,31,183,77,54,184,33","0.96448976,0.9221506,0.43023708,0.13084821,0.06987305,0.068979345,0.061390538,0.052774187,0.03886543,0.038735643,0.026130937,0.02101315,0.018307596,0.013951196,0.010474086,0.007895622,0.007712754,0.006881146,0.0043015056,0.0040656645"
,id,idx,value
0,MG-bIQn5XYY,"0,1,14,9,28,3,38,13,31,4,33,5,77,2128,16,10,6,51,105,294","0.9678767,0.94913363,0.63917106,0.4924197,0.26965624,0.2629857,0.23507293,0.14099169,0.09184637,0.08491584,0.07089319,0.020265417,0.01652749,0.009246179,0.00824412,0.0077468553,0.004507646,0.004236022,0.004038797,0.004028691"
1,4v-rIjHpyEk,"0,1,14,3,12,9,4,38,13,192,105,28,294,237,31,183,77,54,184,33","0.96448976,0.9221505,0.43023738,0.13084719,0.069873154,0.0689794,0.061390147,0.052773908,0.038865216,0.03873565,0.026130997,0.021012964,0.01830747,0.013951292,0.010474161,0.007895621,0.0077128657,0.0068810936,0.0043015163,0.0040656696"
2,j7T8wV0OUnc,"1,3,0,14,13,4,28,54,38,77,9,6,5,65,105,2338,51,294,192,35","0.99211496,0.8540402,0.8443794,0.83644694,0.43885738,0.40627402,0.25769264,0.23494251,0.18532273,0.14320332,0.12809789,0.090057276,0.08971569,0.067496076,0.052950423,0.0521531,0.046662055,0.046373095,0.029583616,0.023571238"
,id,idx,value
0,MG-bIQn5XYY,"0,1,14,9,28,3,38,13,31,4,33,5,77,2128,16,10,6,51,105,294","0.9678768,0.94913226,0.63917094,0.49243224,0.2696545,0.26300102,0.23507394,0.14098808,0.091845304,0.08491609,0.07089267,0.020264395,0.01652542,0.009246924,0.008243224,0.007746971,0.0045078923,0.00423574,0.0040385933,0.004028562"
,id,idx,value
0,MG-bIQn5XYY,"0,1,14,9,28,3,38,13,31,4,33,5,77,2128,16,10,6,51,105,294","0.9678766,0.94913346,0.6391717,0.49242082,0.2696561,0.26298603,0.23507255,0.14099182,0.09184605,0.08491573,0.07089285,0.020265412,0.016527452,0.009246248,0.008244075,0.0077468837,0.004507688,0.0042360537,0.0040387646,0.0040286733"
1,4v-rIjHpyEk,"0,1,14,3,12,9,4,38,13,192,105,28,294,237,31,183,77,54,184,33","0.96448976,0.9221506,0.43023708,0.13084821,0.06987305,0.068979345,0.061390538,0.052774187,0.03886543,0.038735643,0.026130937,0.02101315,0.018307596,0.013951196,0.010474086,0.007895622,0.007712754,0.006881146,0.0043015056,0.0040656645"
,id,idx,value
0,MG-bIQn5XYY,"0,1,14,9,28,3,38,13,31,4,33,5,77,2128,16,10,6,51,105,294","0.9678767,0.94913363,0.63917106,0.4924197,0.26965624,0.2629857,0.23507293,0.14099169,0.09184637,0.08491584,0.07089319,0.020265417,0.01652749,0.009246179,0.00824412,0.0077468553,0.004507646,0.004236022,0.004038797,0.004028691"
0,WwJvlKEDmdA,"1,0,3,14,4,38,13,28,9,105,5,33,77,31,54,2128,16,15,46,183","0.97765774,0.89612806,0.841465,0.58387876,0.44206786,0.3678012,0.31688368,0.21820803,0.10863658,0.087622926,0.06722617,0.050085824,0.04649202,0.029217888,0.02352933,0.02082898,0.020650068,0.012998196,0.011812561,0.0088703185"
0,WwJvlKEDmdA,"1,0,3,14,4,38,13,28,9,105,5,33,77,31,54,2128,16,15,46,183","0.97765714,0.8961217,0.8414671,0.58387995,0.4420706,0.3677958,0.31688184,0.21820132,0.10863526,0.08761859,0.067228734,0.0500839,0.046490517,0.029217804,0.023529738,0.020827428,0.020651672,0.012997736,0.011813984,0.0088699795"
0,WwJvlKEDmdA,"1,0,3,14,4,38,13,28,9,105,5,33,77,31,54,2128,16,15,46,183","0.97765714,0.896122,0.8414674,0.58388025,0.44207126,0.367796,0.3168832,0.21820009,0.10863515,0.08761871,0.06722943,0.050083738,0.0464907,0.029217552,0.023529816,0.020827312,0.020651964,0.012997697,0.011814035,0.008869959"
0,WwJvlKEDmdA,"1,0,3,14,4,38,13,28,9,105,5,33,77,31,54,2128,16,15,46,183","0.977657,0.8961209,0.8414674,0.58387905,0.44207013,0.36779904,0.31688496,0.2182041,0.10863542,0.08761872,0.06722906,0.050084803,0.046490293,0.029217955,0.023529382,0.020827174,0.020651827,0.012997728,0.011813869,0.008869916"
0,WwJvlKEDmdA,"1,0,3,14,4,38,13,28,9,105,5,33,77,31,54,2128,16,15,46,183","0.977657,0.8961209,0.8414674,0.58387905,0.44207013,0.36779904,0.31688496,0.2182041,0.10863542,0.08761872,0.06722906,0.050084803,0.046490293,0.029217955,0.023529382,0.020827174,0.020651827,0.012997728,0.011813869,0.008869916"
0,WwJvlKEDmdA,"1,0,3,14,4,38,13,28,9,105,5,33,77,31,54,2128,16,15,46,183","0.977657,0.8961209,0.8414674,0.58387905,0.44207013,0.36779904,0.31688496,0.2182041,0.10863542,0.08761872,0.06722906,0.050084803,0.046490293,0.029217955,0.023529382,0.020827174,0.020651827,0.012997728,0.011813869,0.008869916"
0,WwJvlKEDmdA,"1,0,3,14,4,38,13,28,9,105,5,33,77,31,54,2128,16,15,46,183","0.97765774,0.89612806,0.841465,0.58387876,0.44206786,0.3678012,0.31688368,0.21820803,0.10863658,0.087622926,0.06722617,0.050085824,0.04649202,0.029217888,0.02352933,0.02082898,0.020650068,0.012998196,0.011812561,0.0088703185"
0,WwJvlKEDmdA,"1,0,3,14,4,38,13,28,9,105,5,33,77,31,54,2128,16,15,46,183","0.97765714,0.8961217,0.8414671,0.58387995,0.4420706,0.3677958,0.31688184,0.21820132,0.10863526,0.08761859,0.067228734,0.0500839,0.046490517,0.029217804,0.023529738,0.020827428,0.020651672,0.012997736,0.011813984,0.0088699795"
0,WwJvlKEDmdA,"1,0,3,14,4,38,13,28,9,105,5,33,77,31,54,2128,16,15,46,183","0.97765714,0.896122,0.8414674,0.58388025,0.44207126,0.367796,0.3168832,0.21820009,0.10863515,0.08761871,0.06722943,0.050083738,0.0464907,0.029217552,0.023529816,0.020827312,0.020651964,0.012997697,0.011814035,0.008869959"
0,WwJvlKEDmdA,"1,0,3,14,4,38,13,28,9,105,5,33,77,31,54,2128,16,15,46,183","0.977657,0.8961209,0.8414674,0.58387905,0.44207013,0.36779904,0.31688496,0.2182041,0.10863542,0.08761872,0.06722906,0.050084803,0.046490293,0.029217955,0.023529382,0.020827174,0.020651827,0.012997728,0.011813869,0.008869916"
0,WwJvlKEDmdA,"1,0,3,14,4,38,13,28,9,105,5,33,77,31,54,2128,16,15,46,183","0.977657,0.8961209,0.8414674,0.58387905,0.44207013,0.36779904,0.31688496,0.2182041,0.10863542,0.08761872,0.06722906,0.050084803,0.046490293,0.029217955,0.023529382,0.020827174,0.020651827,0.012997728,0.011813869,0.008869916"
0,WwJvlKEDmdA,"1,0,3,14,4,38,13,28,9,105,5,33,77,31,54,2128,16,15,46,183","0.977657,0.8961209,0.8414674,0.58387905,0.44207013,0.36779904,0.31688496,0.2182041,0.10863542,0.08761872,0.06722906,0.050084803,0.046490293,0.029217955,0.023529382,0.020827174,0.020651827,0.012997728,0.011813869,0.008869916"
0,WwJvlKEDmdA,"1,0,3,14,4,38,13,28,9,105,5,33,77,31,54,2128,16,15,46,183","0.97765774,0.89612806,0.841465,0.58387876,0.44206786,0.3678012,0.31688368,0.21820803,0.10863658,0.087622926,0.06722617,0.050085824,0.04649202,0.029217888,0.02352933,0.02082898,0.020650068,0.012998196,0.011812561,0.0088703185"
0,WwJvlKEDmdA,"1,0,3,14,4,38,13,28,9,105,5,33,77,31,54,2128,16,15,46,183","0.97765714,0.8961217,0.8414671,0.58387995,0.4420706,0.3677958,0.31688184,0.21820132,0.10863526,0.08761859,0.067228734,0.0500839,0.046490517,0.029217804,0.023529738,0.020827428,0.020651672,0.012997736,0.011813984,0.0088699795"
0,WwJvlKEDmdA,"1,0,3,14,4,38,13,28,9,105,5,33,77,31,54,2128,16,15,46,183","0.97765714,0.896122,0.8414674,0.58388025,0.44207126,0.367796,0.3168832,0.21820009,0.10863515,0.08761871,0.06722943,0.050083738,0.0464907,0.029217552,0.023529816,0.020827312,0.020651964,0.012997697,0.011814035,0.008869959"
0,WwJvlKEDmdA,"1,0,3,14,4,38,13,28,9,105,5,33,77,31,54,2128,16,15,46,183","0.977657,0.8961209,0.8414674,0.58387905,0.44207013,0.36779904,0.31688496,0.2182041,0.10863542,0.08761872,0.06722906,0.050084803,0.046490293,0.029217955,0.023529382,0.020827174,0.020651827,0.012997728,0.011813869,0.008869916"
0,WwJvlKEDmdA,"1,0,3,14,4,38,13,28,9,105,5,33,77,31,54,2128,16,15,46,183","0.977657,0.8961209,0.8414674,0.58387905,0.44207013,0.36779904,0.31688496,0.2182041,0.10863542,0.08761872,0.06722906,0.050084803,0.046490293,0.029217955,0.023529382,0.020827174,0.020651827,0.012997728,0.011813869,0.008869916"
0,WwJvlKEDmdA,"1,0,3,14,4,38,13,28,9,105,5,33,77,31,54,2128,16,15,46,183","0.977657,0.8961209,0.8414674,0.58387905,0.44207013,0.36779904,0.31688496,0.2182041,0.10863542,0.08761872,0.06722906,0.050084803,0.046490293,0.029217955,0.023529382,0.020827174,0.020651827,0.012997728,0.011813869,0.008869916"
0,WwJvlKEDmdA,"1,0,3,14,4,38,13,28,9,105,5,33,77,31,54,2128,16,15,46,183","0.977657,0.8961209,0.8414674,0.58387905,0.44207013,0.36779904,0.31688496,0.2182041,0.10863542,0.08761872,0.06722906,0.050084803,0.046490293,0.029217955,0.023529382,0.020827174,0.020651827,0.012997728,0.011813869,0.008869916"
0,WwJvlKEDmdA,"1,0,3,14,4,38,13,28,9,105,5,33,77,31,54,2128,16,15,46,183","0.977657,0.89612275,0.84146595,0.5838778,0.4420671,0.36779884,0.3168828,0.21820422,0.10863455,0.087619275,0.06722665,0.05008516,0.046490185,0.029218089,0.023529654,0.02082812,0.020651426,0.012998014,0.011813482,0.008870078"
0,GXmuScZQrBM,"1,3,14,0,54,13,28,4,38,6,31,77,9,16,51,2338,5,1107,46,105","0.9526467,0.8233897,0.7033068,0.49538168,0.48104396,0.28338763,0.19584098,0.1364983,0.11381733,0.05519311,0.054873604,0.041701898,0.032241832,0.031222811,0.02943322,0.026501784,0.023170533,0.016917476,0.012432035,0.010477133"
0,GXmuScZQrBM,"1,3,14,0,54,13,28,4,38,6,31,77,9,16,51,2338,5,1107,46,105","0.95264494,0.8233939,0.70330983,0.4953692,0.48106086,0.28338802,0.195829,0.13649745,0.11381147,0.055191297,0.054873966,0.0417032,0.032241978,0.031222101,0.029434958,0.0265024,0.023169048,0.01691804,0.012431879,0.010476261"
0,GXmuScZQrBM,"1,3,14,0,54,13,28,4,38,6,31,77,9,16,51,2338,5,1107,46,105","0.95264494,0.8233925,0.7033109,0.49536908,0.48105937,0.28338698,0.19582963,0.13649693,0.11381181,0.055191617,0.054873627,0.04170314,0.032241948,0.031222077,0.029435009,0.026502416,0.023169104,0.016918315,0.012431879,0.010476498"
0,GXmuScZQrBM,"1,3,14,0,54,13,28,4,38,6,31,77,9,16,51,2338,5,1107,46,105","0.9526447,0.82339174,0.70331305,0.49536607,0.48105997,0.28338727,0.19582959,0.1364974,0.113810934,0.055191584,0.05487375,0.04170364,0.032241654,0.031222088,0.029435024,0.026502352,0.023168776,0.016917912,0.012431917,0.010476528"
0,GXmuScZQrBM,"1,3,14,0,54,13,28,4,38,6,31,77,9,16,51,2338,5,1107,46,105","0.9526447,0.82339174,0.70331305,0.49536607,0.48105997,0.28338727,0.19582959,0.1364974,0.113810934,0.055191584,0.05487375,0.04170364,0.032241654,0.031222088,0.029435024,0.026502352,0.023168776,0.016917912,0.012431917,0.010476528"
0,GXmuScZQrBM,"1,3,14,0,54,13,28,4,38,6,31,77,9,16,51,2338,5,1107,46,105","0.9526447,0.82339174,0.70331305,0.49536607,0.48105997,0.28338727,0.19582959,0.1364974,0.113810934,0.055191584,0.05487375,0.04170364,0.032241654,0.031222088,0.029435024,0.026502352,0.023168776,0.016917912,0.012431917,0.010476528"
0,GXmuScZQrBM,"1,3,14,0,54,13,28,4,38,6,31,77,9,16,51,2338,5,1107,46,105","0.9526447,0.82339174,0.70331305,0.49536607,0.48105997,0.28338727,0.19582959,0.1364974,0.113810934,0.055191584,0.05487375,0.04170364,0.032241654,0.031222088,0.029435024,0.026502352,0.023168776,0.016917912,0.012431917,0.010476528"
0,GXmuScZQrBM,"1,3,14,0,54,13,28,4,38,6,31,77,9,16,51,2338,5,1107,46,105","0.95264494,0.8233942,0.703309,0.4953709,0.48106396,0.28338858,0.19583085,0.13649958,0.113812566,0.055191617,0.054873846,0.04170283,0.03224242,0.031221896,0.029435283,0.026502868,0.023169488,0.016917963,0.012431671,0.010476545"
0,GXmuScZQrBM,"1,3,14,0,54,13,28,4,38,6,31,77,9,16,51,2338,5,1107,46,105","0.95264494,0.8233942,0.703309,0.4953709,0.48106396,0.28338858,0.19583085,0.13649958,0.113812566,0.055191617,0.054873846,0.04170283,0.03224242,0.031221896,0.029435283,0.026502868,0.023169488,0.016917963,0.012431671,0.010476545"
0,GXmuScZQrBM,"1,3,14,0,54,13,28,4,38,6,31,77,9,16,51,2338,5,1107,46,105","0.95264494,0.8233942,0.703309,0.4953709,0.48106396,0.28338858,0.19583085,0.13649958,0.113812566,0.055191617,0.054873846,0.04170283,0.03224242,0.031221896,0.029435283,0.026502868,0.023169488,0.016917963,0.012431671,0.010476545"
0,GXmuScZQrBM,"1,3,14,0,54,13,28,4,38,6,31,77,9,16,51,2338,5,1107,46,105","0.95264494,0.8233942,0.703309,0.4953709,0.48106396,0.28338858,0.19583085,0.13649958,0.113812566,0.055191617,0.054873846,0.04170283,0.03224242,0.031221896,0.029435283,0.026502868,0.023169488,0.016917963,0.012431671,0.010476545"
0,GXmuScZQrBM,"1,3,14,0,54,13,28,4,38,6,31,77,9,16,51,2338,5,1107,46,105","0.95264494,0.8233942,0.703309,0.4953709,0.48106396,0.28338858,0.19583085,0.13649958,0.113812566,0.055191617,0.054873846,0.04170283,0.03224242,0.031221896,0.029435283,0.026502868,0.023169488,0.016917963,0.012431671,0.010476545"
0,GXmuScZQrBM,"1,3,14,0,54,13,28,4,38,6,31,77,9,16,51,2338,5,1107,46,105","0.95264494,0.8233942,0.703309,0.4953709,0.48106396,0.28338858,0.19583085,0.13649958,0.113812566,0.055191617,0.054873846,0.04170283,0.03224242,0.031221896,0.029435283,0.026502868,0.023169488,0.016917963,0.012431671,0.010476545"
1,4v-rIjHpyEk,"0,1,14,3,12,9,4,38,13,192,105,28,294,237,31,183,77,54,184,33","0.96448976,0.9221505,0.43023738,0.13084719,0.069873154,0.0689794,0.061390147,0.052773908,0.038865216,0.03873565,0.026130997,0.021012964,0.01830747,0.013951292,0.010474161,0.007895621,0.0077128657,0.0068810936,0.0043015163,0.0040656696"
1,mbwhUy8a1YI,"1,0,14,105,9,38,13,3,77,183,4,51,237,2338,294,1107,424,16,28,192","0.9732056,0.96675247,0.5184046,0.16442853,0.13405466,0.118839346,0.087608725,0.067671016,0.05295463,0.038666677,0.037719622,0.035250608,0.032368526,0.029999195,0.029813174,0.029695507,0.020624354,0.017935773,0.017923981,0.017310573"
1,mbwhUy8a1YI,"1,0,14,105,9,38,13,3,77,183,4,51,237,2338,294,1107,424,16,28,192","0.9732055,0.9667525,0.5184052,0.16442813,0.13405448,0.118839234,0.087608255,0.067670316,0.052954588,0.038666636,0.037719302,0.035250787,0.03236824,0.029999198,0.029813072,0.029695433,0.020624418,0.017935637,0.017923892,0.017310627"
1,mbwhUy8a1YI,"1,0,14,105,9,38,13,3,77,183,4,51,237,2338,294,1107,424,16,28,192","0.9732055,0.9667525,0.518404,0.16442789,0.13405177,0.11883898,0.087609336,0.067670405,0.052954957,0.03866691,0.037719365,0.035251096,0.03236838,0.029999223,0.029812945,0.02969545,0.020624464,0.017935993,0.017923977,0.01731069"
1,mbwhUy8a1YI,"1,0,14,105,9,38,13,3,77,183,4,51,237,2338,294,1107,424,16,28,192","0.9732055,0.9667525,0.518404,0.16442789,0.13405177,0.11883898,0.087609336,0.067670405,0.052954957,0.03866691,0.037719365,0.035251096,0.03236838,0.029999223,0.029812945,0.02969545,0.020624464,0.017935993,0.017923977,0.01731069"
1,mbwhUy8a1YI,"1,0,14,105,9,38,13,3,77,183,4,51,237,2338,294,1107,424,16,28,192","0.9732055,0.9667525,0.518404,0.16442789,0.13405177,0.11883898,0.087609336,0.067670405,0.052954957,0.03866691,0.037719365,0.035251096,0.03236838,0.029999223,0.029812945,0.02969545,0.020624464,0.017935993,0.017923977,0.01731069"
1,mbwhUy8a1YI,"1,0,14,105,9,38,13,3,77,183,4,51,237,2338,294,1107,424,16,28,192","0.9732056,0.96675247,0.5184046,0.16442853,0.13405466,0.118839346,0.087608725,0.067671016,0.05295463,0.038666677,0.037719622,0.035250608,0.032368526,0.029999195,0.029813174,0.029695507,0.020624354,0.017935773,0.017923981,0.017310573"
1,mbwhUy8a1YI,"1,0,14,105,9,38,13,3,77,183,4,51,237,2338,294,1107,424,16,28,192","0.9732055,0.9667525,0.5184052,0.16442813,0.13405448,0.118839234,0.087608255,0.067670316,0.052954588,0.038666636,0.037719302,0.035250787,0.03236824,0.029999198,0.029813072,0.029695433,0.020624418,0.017935637,0.017923892,0.017310627"
1,mbwhUy8a1YI,"1,0,14,105,9,38,13,3,77,183,4,51,237,2338,294,1107,424,16,28,192","0.9732055,0.9667525,0.518404,0.16442789,0.13405177,0.11883898,0.087609336,0.067670405,0.052954957,0.03866691,0.037719365,0.035251096,0.03236838,0.029999223,0.029812945,0.02969545,0.020624464,0.017935993,0.017923977,0.01731069"
1,mbwhUy8a1YI,"1,0,14,105,9,38,13,3,77,183,4,51,237,2338,294,1107,424,16,28,192","0.9732055,0.9667525,0.518404,0.16442789,0.13405177,0.11883898,0.087609336,0.067670405,0.052954957,0.03866691,0.037719365,0.035251096,0.03236838,0.029999223,0.029812945,0.02969545,0.020624464,0.017935993,0.017923977,0.01731069"
1,mbwhUy8a1YI,"1,0,14,105,9,38,13,3,77,183,4,51,237,2338,294,1107,424,16,28,192","0.9732055,0.9667525,0.518404,0.16442789,0.13405177,0.11883898,0.087609336,0.067670405,0.052954957,0.03866691,0.037719365,0.035251096,0.03236838,0.029999223,0.029812945,0.02969545,0.020624464,0.017935993,0.017923977,0.01731069"
1,mbwhUy8a1YI,"1,0,14,105,9,38,13,3,77,183,4,51,237,2338,294,1107,424,16,28,192","0.9732056,0.96675247,0.5184046,0.16442853,0.13405466,0.118839346,0.087608725,0.067671016,0.05295463,0.038666677,0.037719622,0.035250608,0.032368526,0.029999195,0.029813174,0.029695507,0.020624354,0.017935773,0.017923981,0.017310573"
1,mbwhUy8a1YI,"1,0,14,105,9,38,13,3,77,183,4,51,237,2338,294,1107,424,16,28,192","0.9732055,0.9667525,0.5184052,0.16442813,0.13405448,0.118839234,0.087608255,0.067670316,0.052954588,0.038666636,0.037719302,0.035250787,0.03236824,0.029999198,0.029813072,0.029695433,0.020624418,0.017935637,0.017923892,0.017310627"
1,mbwhUy8a1YI,"1,0,14,105,9,38,13,3,77,183,4,51,237,2338,294,1107,424,16,28,192","0.9732055,0.9667525,0.518404,0.16442789,0.13405177,0.11883898,0.087609336,0.067670405,0.052954957,0.03866691,0.037719365,0.035251096,0.03236838,0.029999223,0.029812945,0.02969545,0.020624464,0.017935993,0.017923977,0.01731069"
1,mbwhUy8a1YI,"1,0,14,105,9,38,13,3,77,183,4,51,237,2338,294,1107,424,16,28,192","0.9732055,0.9667525,0.518404,0.16442789,0.13405177,0.11883898,0.087609336,0.067670405,0.052954957,0.03866691,0.037719365,0.035251096,0.03236838,0.029999223,0.029812945,0.02969545,0.020624464,0.017935993,0.017923977,0.01731069"
1,mbwhUy8a1YI,"1,0,14,105,9,38,13,3,77,183,4,51,237,2338,294,1107,424,16,28,192","0.9732055,0.9667525,0.518404,0.16442789,0.13405177,0.11883898,0.087609336,0.067670405,0.052954957,0.03866691,0.037719365,0.035251096,0.03236838,0.029999223,0.029812945,0.02969545,0.020624464,0.017935993,0.017923977,0.01731069"
1,mbwhUy8a1YI,"1,0,14,105,9,38,13,3,77,183,4,51,237,2338,294,1107,424,16,28,192","0.9732055,0.9667525,0.518404,0.16442789,0.13405177,0.11883898,0.087609336,0.067670405,0.052954957,0.03866691,0.037719365,0.035251096,0.03236838,0.029999223,0.029812945,0.02969545,0.020624464,0.017935993,0.017923977,0.01731069"
1,mbwhUy8a1YI,"1,0,14,105,9,38,13,3,77,183,4,51,237,2338,294,1107,424,16,28,192","0.97320527,0.9667527,0.5184048,0.16442911,0.1340538,0.11883933,0.087606564,0.06766866,0.052955937,0.038666867,0.03771863,0.035251763,0.0323687,0.029999249,0.029813478,0.029694924,0.02062418,0.017936084,0.017923664,0.017310975"
1,pdqCYcX_-qU,"1,3,14,4,13,5,0,38,28,16,54,9,77,6,282,31,2468,51,33,184","0.95241266,0.840412,0.6231059,0.24924712,0.23546311,0.1899579,0.18038213,0.1630131,0.11859576,0.10042651,0.085335866,0.08164735,0.060064,0.04011397,0.028511599,0.02612854,0.016943432,0.01396525,0.010578869,0.009153866"
1,pdqCYcX_-qU,"1,3,14,4,13,5,0,38,28,16,54,9,77,6,282,31,2468,51,33,184","0.95241266,0.8404118,0.62310797,0.24924794,0.23546335,0.18995877,0.18038252,0.1630134,0.1185973,0.10042744,0.08533584,0.0816477,0.060063723,0.040114153,0.028511152,0.026128357,0.01694318,0.0139652435,0.010578967,0.009153798"
1,pdqCYcX_-qU,"1,3,14,4,13,5,0,38,28,16,54,9,77,6,282,31,2468,51,33,184","0.9524128,0.8404118,0.6231061,0.24924716,0.23546289,0.18995689,0.1803834,0.16301301,0.11859725,0.10042546,0.085335486,0.08164816,0.060063552,0.040113974,0.028511839,0.026128737,0.016943363,0.013965275,0.010578823,0.009153832"
1,pdqCYcX_-qU,"1,3,14,4,13,5,0,38,28,16,54,9,77,6,282,31,2468,51,33,184","0.9524128,0.8404118,0.6231061,0.24924716,0.23546289,0.18995689,0.1803834,0.16301301,0.11859725,0.10042546,0.085335486,0.08164816,0.060063552,0.040113974,0.028511839,0.026128737,0.016943363,0.013965275,0.010578823,0.009153832"
1,pdqCYcX_-qU,"1,3,14,4,13,5,0,38,28,16,54,9,77,6,282,31,2468,51,33,184","0.9524128,0.8404118,0.6231061,0.24924716,0.23546289,0.18995689,0.1803834,0.16301301,0.11859725,0.10042546,0.085335486,0.08164816,0.060063552,0.040113974,0.028511839,0.026128737,0.016943363,0.013965275,0.010578823,0.009153832"
1,pdqCYcX_-qU,"1,3,14,4,13,5,0,38,28,16,54,9,77,6,282,31,2468,51,33,184","0.9524128,0.8404118,0.6231061,0.24924716,0.23546289,0.18995689,0.1803834,0.16301301,0.11859725,0.10042546,0.085335486,0.08164816,0.060063552,0.040113974,0.028511839,0.026128737,0.016943363,0.013965275,0.010578823,0.009153832"
1,pdqCYcX_-qU,"1,3,14,4,13,5,0,38,28,16,54,9,77,6,282,31,2468,51,33,184","0.95241284,0.84041184,0.6231049,0.24924643,0.23546313,0.1899612,0.18038206,0.16301265,0.11859772,0.10042661,0.08533603,0.081647635,0.060064625,0.0401144,0.028511317,0.026128199,0.016943447,0.013965435,0.010578959,0.009154036"
1,pdqCYcX_-qU,"1,3,14,4,13,5,0,38,28,16,54,9,77,6,282,31,2468,51,33,184","0.95241284,0.84041184,0.6231049,0.24924643,0.23546313,0.1899612,0.18038206,0.16301265,0.11859772,0.10042661,0.08533603,0.081647635,0.060064625,0.0401144,0.028511317,0.026128199,0.016943447,0.013965435,0.010578959,0.009154036"
1,pdqCYcX_-qU,"1,3,14,4,13,5,0,38,28,16,54,9,77,6,282,31,2468,51,33,184","0.95241284,0.84041184,0.6231049,0.24924643,0.23546313,0.1899612,0.18038206,0.16301265,0.11859772,0.10042661,0.08533603,0.081647635,0.060064625,0.0401144,0.028511317,0.026128199,0.016943447,0.013965435,0.010578959,0.009154036"
1,pdqCYcX_-qU,"1,3,14,4,13,5,0,38,28,16,54,9,77,6,282,31,2468,51,33,184","0.95241284,0.84041184,0.6231049,0.24924643,0.23546313,0.1899612,0.18038206,0.16301265,0.11859772,0.10042661,0.08533603,0.081647635,0.060064625,0.0401144,0.028511317,0.026128199,0.016943447,0.013965435,0.010578959,0.009154036"
1,pdqCYcX_-qU,"1,3,14,4,13,5,0,38,28,16,54,9,77,6,282,31,2468,51,33,184","0.95241284,0.84041184,0.6231049,0.24924643,0.23546313,0.1899612,0.18038206,0.16301265,0.11859772,0.10042661,0.08533603,0.081647635,0.060064625,0.0401144,0.028511317,0.026128199,0.016943447,0.013965435,0.010578959,0.009154036"
1,pdqCYcX_-qU,"1,3,14,4,13,5,0,38,28,16,54,9,77,6,282,31,2468,51,33,184","0.95241284,0.84041184,0.6231049,0.24924643,0.23546313,0.1899612,0.18038206,0.16301265,0.11859772,0.10042661,0.08533603,0.081647635,0.060064625,0.0401144,0.028511317,0.026128199,0.016943447,0.013965435,0.010578959,0.009154036"
2,j7T8wV0OUnc,"1,3,0,14,13,4,28,54,38,77,9,6,5,65,105,2338,51,294,192,35","0.99211496,0.8540402,0.8443794,0.83644694,0.43885738,0.40627402,0.25769264,0.23494251,0.18532273,0.14320332,0.12809789,0.090057276,0.08971569,0.067496076,0.052950423,0.0521531,0.046662055,0.046373095,0.029583616,0.023571238"
2,MG-bIQn5XYY,"0,1,14,9,28,3,38,13,31,4,33,5,77,2128,16,10,6,51,105,294","0.9678767,0.9491338,0.63917136,0.49242017,0.26965612,0.26298538,0.23507237,0.14099146,0.09184628,0.08491592,0.07089302,0.020265376,0.016527442,0.009246128,0.008244035,0.007746914,0.004507642,0.004236003,0.004038795,0.0040286784"
2,MG-bIQn5XYY,"0,1,14,9,28,3,38,13,31,4,33,5,77,2128,16,10,6,51,105,294","0.9678767,0.9491336,0.63917184,0.49241868,0.26965785,0.26298612,0.23507454,0.14099139,0.09184701,0.08491602,0.0708933,0.020265512,0.016527377,0.009246099,0.008244194,0.0077468352,0.0045076637,0.0042360355,0.004038753,0.004028671"
2,MG-bIQn5XYY,"0,1,14,9,28,3,38,13,31,4,33,5,77,2128,16,10,6,51,105,294","0.9678767,0.9491336,0.63917184,0.49241868,0.26965785,0.26298612,0.23507454,0.14099139,0.09184701,0.08491602,0.0708933,0.020265512,0.016527377,0.009246099,0.008244194,0.0077468352,0.0045076637,0.0042360355,0.004038753,0.004028671"
2,MG-bIQn5XYY,"0,1,14,9,28,3,38,13,31,4,33,5,77,2128,16,10,6,51,105,294","0.9678767,0.9491336,0.63917184,0.49241868,0.26965785,0.26298612,0.23507454,0.14099139,0.09184701,0.08491602,0.0708933,0.020265512,0.016527377,0.009246099,0.008244194,0.0077468352,0.0045076637,0.0042360355,0.004038753,0.004028671"
2,MG-bIQn5XYY,"0,1,14,9,28,3,38,13,31,4,33,5,77,2128,16,10,6,51,105,294","0.9678767,0.9491338,0.63917136,0.49242017,0.26965612,0.26298538,0.23507237,0.14099146,0.09184628,0.08491592,0.07089302,0.020265376,0.016527442,0.009246128,0.008244035,0.007746914,0.004507642,0.004236003,0.004038795,0.0040286784"
2,MG-bIQn5XYY,"0,1,14,9,28,3,38,13,31,4,33,5,77,2128,16,10,6,51,105,294","0.9678767,0.9491336,0.63917184,0.49241868,0.26965785,0.26298612,0.23507454,0.14099139,0.09184701,0.08491602,0.0708933,0.020265512,0.016527377,0.009246099,0.008244194,0.0077468352,0.0045076637,0.0042360355,0.004038753,0.004028671"
2,MG-bIQn5XYY,"0,1,14,9,28,3,38,13,31,4,33,5,77,2128,16,10,6,51,105,294","0.9678767,0.9491336,0.63917184,0.49241868,0.26965785,0.26298612,0.23507454,0.14099139,0.09184701,0.08491602,0.0708933,0.020265512,0.016527377,0.009246099,0.008244194,0.0077468352,0.0045076637,0.0042360355,0.004038753,0.004028671"
2,MG-bIQn5XYY,"0,1,14,9,28,3,38,13,31,4,33,5,77,2128,16,10,6,51,105,294","0.9678767,0.9491336,0.63917184,0.49241868,0.26965785,0.26298612,0.23507454,0.14099139,0.09184701,0.08491602,0.0708933,0.020265512,0.016527377,0.009246099,0.008244194,0.0077468352,0.0045076637,0.0042360355,0.004038753,0.004028671"
2,MG-bIQn5XYY,"0,1,14,9,28,3,38,13,31,4,33,5,77,2128,16,10,6,51,105,294","0.9678767,0.9491338,0.63917136,0.49242017,0.26965612,0.26298538,0.23507237,0.14099146,0.09184628,0.08491592,0.07089302,0.020265376,0.016527442,0.009246128,0.008244035,0.007746914,0.004507642,0.004236003,0.004038795,0.0040286784"
2,MG-bIQn5XYY,"0,1,14,9,28,3,38,13,31,4,33,5,77,2128,16,10,6,51,105,294","0.9678767,0.9491336,0.63917184,0.49241868,0.26965785,0.26298612,0.23507454,0.14099139,0.09184701,0.08491602,0.0708933,0.020265512,0.016527377,0.009246099,0.008244194,0.0077468352,0.0045076637,0.0042360355,0.004038753,0.004028671"
2,MG-bIQn5XYY,"0,1,14,9,28,3,38,13,31,4,33,5,77,2128,16,10,6,51,105,294","0.9678767,0.9491336,0.63917184,0.49241868,0.26965785,0.26298612,0.23507454,0.14099139,0.09184701,0.08491602,0.0708933,0.020265512,0.016527377,0.009246099,0.008244194,0.0077468352,0.0045076637,0.0042360355,0.004038753,0.004028671"
2,MG-bIQn5XYY,"0,1,14,9,28,3,38,13,31,4,33,5,77,2128,16,10,6,51,105,294","0.9678767,0.9491336,0.63917184,0.49241868,0.26965785,0.26298612,0.23507454,0.14099139,0.09184701,0.08491602,0.0708933,0.020265512,0.016527377,0.009246099,0.008244194,0.0077468352,0.0045076637,0.0042360355,0.004038753,0.004028671"
2,MG-bIQn5XYY,"0,1,14,9,28,3,38,13,31,4,33,5,77,2128,16,10,6,51,105,294","0.9678767,0.9491336,0.63917184,0.49241868,0.26965785,0.26298612,0.23507454,0.14099139,0.09184701,0.08491602,0.0708933,0.020265512,0.016527377,0.009246099,0.008244194,0.0077468352,0.0045076637,0.0042360355,0.004038753,0.004028671"
2,MG-bIQn5XYY,"0,1,14,9,28,3,38,13,31,4,33,5,77,2128,16,10,6,51,105,294","0.9678768,0.949134,0.6391718,0.49242353,0.26965913,0.26298457,0.23507482,0.14099205,0.09184571,0.08491587,0.07089448,0.020264717,0.016527414,0.009246224,0.008243927,0.0077470327,0.004507759,0.0042359694,0.004038961,0.004028779"
2,WwJvlKEDmdA,"1,0,3,14,4,38,13,28,9,105,5,33,77,31,54,2128,16,15,46,183","0.977657,0.8961218,0.84146696,0.58388036,0.4420709,0.36779544,0.31688285,0.21819977,0.108634934,0.087618805,0.06722942,0.050083682,0.046490613,0.029217567,0.023529755,0.020827323,0.020651998,0.012997664,0.0118141,0.008869957"
2,WwJvlKEDmdA,"1,0,3,14,4,38,13,28,9,105,5,33,77,31,54,2128,16,15,46,183","0.977657,0.8961209,0.8414674,0.58387905,0.44207013,0.36779904,0.31688496,0.2182041,0.10863542,0.08761872,0.06722906,0.050084803,0.046490293,0.029217955,0.023529382,0.020827174,0.020651827,0.012997728,0.011813869,0.008869916"
2,WwJvlKEDmdA,"1,0,3,14,4,38,13,28,9,105,5,33,77,31,54,2128,16,15,46,183","0.977657,0.8961209,0.8414674,0.58387905,0.44207013,0.36779904,0.31688496,0.2182041,0.10863542,0.08761872,0.06722906,0.050084803,0.046490293,0.029217955,0.023529382,0.020827174,0.020651827,0.012997728,0.011813869,0.008869916"
2,WwJvlKEDmdA,"1,0,3,14,4,38,13,28,9,105,5,33,77,31,54,2128,16,15,46,183","0.977657,0.8961209,0.8414674,0.58387905,0.44207013,0.36779904,0.31688496,0.2182041,0.10863542,0.08761872,0.06722906,0.050084803,0.046490293,0.029217955,0.023529382,0.020827174,0.020651827,0.012997728,0.011813869,0.008869916"
2,WwJvlKEDmdA,"1,0,3,14,4,38,13,28,9,105,5,33,77,31,54,2128,16,15,46,183","0.977657,0.8961209,0.8414674,0.58387905,0.44207013,0.36779904,0.31688496,0.2182041,0.10863542,0.08761872,0.06722906,0.050084803,0.046490293,0.029217955,0.023529382,0.020827174,0.020651827,0.012997728,0.011813869,0.008869916"
2,WwJvlKEDmdA,"1,0,3,14,4,38,13,28,9,105,5,33,77,31,54,2128,16,15,46,183","0.977657,0.89612275,0.84146595,0.5838778,0.4420671,0.36779884,0.3168828,0.21820422,0.10863455,0.087619275,0.06722665,0.05008516,0.046490185,0.029218089,0.023529654,0.02082812,0.020651426,0.012998014,0.011813482,0.008870078"
2,WwJvlKEDmdA,"1,0,3,14,4,38,13,28,9,105,5,33,77,31,54,2128,16,15,46,183","0.977657,0.89612275,0.84146595,0.5838778,0.4420671,0.36779884,0.3168828,0.21820422,0.10863455,0.087619275,0.06722665,0.05008516,0.046490185,0.029218089,0.023529654,0.02082812,0.020651426,0.012998014,0.011813482,0.008870078"
2,WwJvlKEDmdA,"1,0,3,14,4,38,13,28,9,105,5,33,77,31,54,2128,16,15,46,183","0.977657,0.89612275,0.84146595,0.5838778,0.4420671,0.36779884,0.3168828,0.21820422,0.10863455,0.087619275,0.06722665,0.05008516,0.046490185,0.029218089,0.023529654,0.02082812,0.020651426,0.012998014,0.011813482,0.008870078"
2,WwJvlKEDmdA,"1,0,3,14,4,38,13,28,9,105,5,33,77,31,54,2128,16,15,46,183","0.977657,0.89612275,0.84146595,0.5838778,0.4420671,0.36779884,0.3168828,0.21820422,0.10863455,0.087619275,0.06722665,0.05008516,0.046490185,0.029218089,0.023529654,0.02082812,0.020651426,0.012998014,0.011813482,0.008870078"
2,WwJvlKEDmdA,"1,0,3,14,4,38,13,28,9,105,5,33,77,31,54,2128,16,15,46,183","0.977657,0.89612275,0.84146595,0.5838778,0.4420671,0.36779884,0.3168828,0.21820422,0.10863455,0.087619275,0.06722665,0.05008516,0.046490185,0.029218089,0.023529654,0.02082812,0.020651426,0.012998014,0.011813482,0.008870078"
2,WwJvlKEDmdA,"1,0,3,14,4,38,13,28,9,105,5,33,77,31,54,2128,16,15,46,183","0.977657,0.89612275,0.84146595,0.5838778,0.4420671,0.36779884,0.3168828,0.21820422,0.10863455,0.087619275,0.06722665,0.05008516,0.046490185,0.029218089,0.023529654,0.02082812,0.020651426,0.012998014,0.011813482,0.008870078"
3,HTPSMhmHb8s,"1,3,14,0,28,4,38,13,9,54,6,77,16,5,31,33,10,51,1107,105","0.96501154,0.8890258,0.67719334,0.5260716,0.36694342,0.33900034,0.3337018,0.30708298,0.1912514,0.13498436,0.11578231,0.083938405,0.072061546,0.05129866,0.050091457,0.03498398,0.021694744,0.014113248,0.011200009,0.010765147"
3,HTPSMhmHb8s,"1,3,14,0,28,4,38,13,9,54,6,77,16,5,31,33,10,51,1107,105","0.96501154,0.8890258,0.67719334,0.5260716,0.36694342,0.33900034,0.3337018,0.30708298,0.1912514,0.13498436,0.11578231,0.083938405,0.072061546,0.05129866,0.050091457,0.03498398,0.021694744,0.014113248,0.011200009,0.010765147"
3,HTPSMhmHb8s,"1,3,14,0,28,4,38,13,9,54,6,77,16,5,31,33,10,51,1107,105","0.96501154,0.8890258,0.67719334,0.5260716,0.36694342,0.33900034,0.3337018,0.30708298,0.1912514,0.13498436,0.11578231,0.083938405,0.072061546,0.05129866,0.050091457,0.03498398,0.021694744,0.014113248,0.011200009,0.010765147"
3,HTPSMhmHb8s,"1,3,14,0,28,4,38,13,9,54,6,77,16,5,31,33,10,51,1107,105","0.96501154,0.8890258,0.67719334,0.5260716,0.36694342,0.33900034,0.3337018,0.30708298,0.1912514,0.13498436,0.11578231,0.083938405,0.072061546,0.05129866,0.050091457,0.03498398,0.021694744,0.014113248,0.011200009,0.010765147"
3,HTPSMhmHb8s,"1,3,14,0,28,4,38,13,9,54,6,77,16,5,31,33,10,51,1107,105","0.96501154,0.8890258,0.67719334,0.5260716,0.36694342,0.33900034,0.3337018,0.30708298,0.1912514,0.13498436,0.11578231,0.083938405,0.072061546,0.05129866,0.050091457,0.03498398,0.021694744,0.014113248,0.011200009,0.010765147"
3,HTPSMhmHb8s,"1,3,14,0,28,4,38,13,9,54,6,77,16,5,31,33,10,51,1107,105","0.96501154,0.8890258,0.67719334,0.5260716,0.36694342,0.33900034,0.3337018,0.30708298,0.1912514,0.13498436,0.11578231,0.083938405,0.072061546,0.05129866,0.050091457,0.03498398,0.021694744,0.014113248,0.011200009,0.010765147"
3,HTPSMhmHb8s,"1,3,14,0,28,4,38,13,9,54,6,77,16,5,31,33,10,51,1107,105","0.96501154,0.8890258,0.67719334,0.5260716,0.36694342,0.33900034,0.3337018,0.30708298,0.1912514,0.13498436,0.11578231,0.083938405,0.072061546,0.05129866,0.050091457,0.03498398,0.021694744,0.014113248,0.011200009,0.010765147"
3,HTPSMhmHb8s,"1,3,14,0,28,4,38,13,9,54,6,77,16,5,31,33,10,51,1107,105","0.96501154,0.8890258,0.67719334,0.5260716,0.36694342,0.33900034,0.3337018,0.30708298,0.1912514,0.13498436,0.11578231,0.083938405,0.072061546,0.05129866,0.050091457,0.03498398,0.021694744,0.014113248,0.011200009,0.010765147"
3,HTPSMhmHb8s,"1,3,14,0,28,4,38,13,9,54,6,77,16,5,31,33,10,51,1107,105","0.96501154,0.8890258,0.67719334,0.5260716,0.36694342,0.33900034,0.3337018,0.30708298,0.1912514,0.13498436,0.11578231,0.083938405,0.072061546,0.05129866,0.050091457,0.03498398,0.021694744,0.014113248,0.011200009,0.010765147"
3,HTPSMhmHb8s,"1,3,14,0,28,4,38,13,9,54,6,77,16,5,31,33,10,51,1107,105","0.96501154,0.8890258,0.67719334,0.5260716,0.36694342,0.33900034,0.3337018,0.30708298,0.1912514,0.13498436,0.11578231,0.083938405,0.072061546,0.05129866,0.050091457,0.03498398,0.021694744,0.014113248,0.011200009,0.010765147"
3,HTPSMhmHb8s,"1,3,14,0,28,4,38,13,9,54,6,77,16,5,31,33,10,51,1107,105","0.96501154,0.8890242,0.6771949,0.5260691,0.36694202,0.3390043,0.33370146,0.30708498,0.19125266,0.13498488,0.11578109,0.08393613,0.07206295,0.05129841,0.050090987,0.03498436,0.021694893,0.014112636,0.011199668,0.0107654"
3,9VqQxBuoprI,"1,0,3,13,28,38,105,14,4,192,9,294,31,16,54,5,183,33,2338,424","0.9807254,0.74497384,0.74428374,0.47132665,0.3760825,0.32052734,0.29719654,0.27095106,0.26794437,0.19176856,0.19069187,0.17584638,0.11673945,0.10502232,0.0459632,0.041961234,0.040469915,0.036969427,0.03435664,0.032938182"
3,9VqQxBuoprI,"1,0,3,13,28,38,105,14,4,192,9,294,31,16,54,5,183,33,2338,424","0.9807254,0.74497384,0.74428374,0.47132665,0.3760825,0.32052734,0.29719654,0.27095106,0.26794437,0.19176856,0.19069187,0.17584638,0.11673945,0.10502232,0.0459632,0.041961234,0.040469915,0.036969427,0.03435664,0.032938182"
3,9VqQxBuoprI,"1,0,3,13,28,38,105,14,4,192,9,294,31,16,54,5,183,33,2338,424","0.9807254,0.74497384,0.74428374,0.47132665,0.3760825,0.32052734,0.29719654,0.27095106,0.26794437,0.19176856,0.19069187,0.17584638,0.11673945,0.10502232,0.0459632,0.041961234,0.040469915,0.036969427,0.03435664,0.032938182"
3,9VqQxBuoprI,"1,0,3,13,28,38,105,14,4,192,9,294,31,16,54,5,183,33,2338,424","0.9807254,0.74497384,0.74428374,0.47132665,0.3760825,0.32052734,0.29719654,0.27095106,0.26794437,0.19176856,0.19069187,0.17584638,0.11673945,0.10502232,0.0459632,0.041961234,0.040469915,0.036969427,0.03435664,0.032938182"
3,9VqQxBuoprI,"1,0,3,13,28,38,105,14,4,192,9,294,31,16,54,5,183,33,2338,424","0.9807254,0.74497646,0.7442876,0.47133088,0.3760825,0.32052794,0.29719338,0.27095053,0.26794615,0.19176677,0.19069281,0.1758447,0.116740145,0.1050231,0.045964245,0.041962083,0.04047002,0.036969196,0.034356557,0.032937493"
3,9VqQxBuoprI,"1,0,3,13,28,38,105,14,4,192,9,294,31,16,54,5,183,33,2338,424","0.9807254,0.74497646,0.7442876,0.47133088,0.3760825,0.32052794,0.29719338,0.27095053,0.26794615,0.19176677,0.19069281,0.1758447,0.116740145,0.1050231,0.045964245,0.041962083,0.04047002,0.036969196,0.034356557,0.032937493"
3,9VqQxBuoprI,"1,0,3,13,28,38,105,14,4,192,9,294,31,16,54,5,183,33,2338,424","0.9807254,0.74497646,0.7442876,0.47133088,0.3760825,0.32052794,0.29719338,0.27095053,0.26794615,0.19176677,0.19069281,0.1758447,0.116740145,0.1050231,0.045964245,0.041962083,0.04047002,0.036969196,0.034356557,0.032937493"
3,9VqQxBuoprI,"1,0,3,13,28,38,105,14,4,192,9,294,31,16,54,5,183,33,2338,424","0.9807254,0.74497646,0.7442876,0.47133088,0.3760825,0.32052794,0.29719338,0.27095053,0.26794615,0.19176677,0.19069281,0.1758447,0.116740145,0.1050231,0.045964245,0.041962083,0.04047002,0.036969196,0.034356557,0.032937493"
3,9VqQxBuoprI,"1,0,3,13,28,38,105,14,4,192,9,294,31,16,54,5,183,33,2338,424","0.9807254,0.74497646,0.7442876,0.47133088,0.3760825,0.32052794,0.29719338,0.27095053,0.26794615,0.19176677,0.19069281,0.1758447,0.116740145,0.1050231,0.045964245,0.041962083,0.04047002,0.036969196,0.034356557,0.032937493"
3,9VqQxBuoprI,"1,0,3,13,28,38,105,14,4,192,9,294,31,16,54,5,183,33,2338,424","0.9807254,0.74497646,0.7442876,0.47133088,0.3760825,0.32052794,0.29719338,0.27095053,0.26794615,0.19176677,0.19069281,0.1758447,0.116740145,0.1050231,0.045964245,0.041962083,0.04047002,0.036969196,0.034356557,0.032937493"
4,4v-rIjHpyEk,"0,1,14,3,12,9,4,38,13,192,105,28,294,237,31,183,77,54,184,33","0.96448994,0.92215073,0.4302376,0.13084637,0.06987339,0.06897883,0.061389837,0.0527738,0.038865093,0.038736198,0.026131073,0.021012915,0.018307853,0.013951143,0.010474007,0.007895699,0.007712867,0.0068811127,0.0043015475,0.004065664"
4,4v-rIjHpyEk,"0,1,14,3,12,9,4,38,13,192,105,28,294,237,31,183,77,54,184,33","0.96449006,0.9221509,0.43023813,0.13084647,0.06987314,0.06897854,0.061389524,0.052773863,0.038865022,0.038736302,0.026131166,0.021012897,0.018307865,0.013951141,0.010474007,0.007895709,0.00771286,0.0068810936,0.0043015247,0.0040656542"
4,4v-rIjHpyEk,"0,1,14,3,12,9,4,38,13,192,105,28,294,237,31,183,77,54,184,33","0.96448994,0.92215073,0.4302376,0.13084637,0.06987339,0.06897883,0.061389837,0.0527738,0.038865093,0.038736198,0.026131073,0.021012915,0.018307853,0.013951143,0.010474007,0.007895699,0.007712867,0.0068811127,0.0043015475,0.004065664"
4,4v-rIjHpyEk,"0,1,14,3,12,9,4,38,13,192,105,28,294,237,31,183,77,54,184,33","0.96449006,0.9221509,0.43023813,0.13084647,0.06987314,0.06897854,0.061389524,0.052773863,0.038865022,0.038736302,0.026131166,0.021012897,0.018307865,0.013951141,0.010474007,0.007895709,0.00771286,0.0068810936,0.0043015247,0.0040656542"
4,gyLhT8qnpTk,"1,14,3,28,0,13,6,4,38,77,54,9,105,35,51,65,1107,2338,16,31","0.98575985,0.96027416,0.7001346,0.48244652,0.48050123,0.33837572,0.3232662,0.30411443,0.29180735,0.1831514,0.13905576,0.11551119,0.10687941,0.05252185,0.047592867,0.042823046,0.04274598,0.042048216,0.031286716,0.024788737"
4,gyLhT8qnpTk,"1,14,3,28,0,13,6,4,38,77,54,9,105,35,51,65,1107,2338,16,31","0.98576,0.96027416,0.7001349,0.4824478,0.4805039,0.3383761,0.32326645,0.3041151,0.29180822,0.18315157,0.13905546,0.115510546,0.10687969,0.05252196,0.04759289,0.042823087,0.04274619,0.042048145,0.03128656,0.024788743"
4,gyLhT8qnpTk,"1,14,3,28,0,13,6,4,38,77,54,9,105,35,51,65,1107,2338,16,31","0.98576,0.96027416,0.7001349,0.4824478,0.4805039,0.3383761,0.32326645,0.3041151,0.29180822,0.18315157,0.13905546,0.115510546,0.10687969,0.05252196,0.04759289,0.042823087,0.04274619,0.042048145,0.03128656,0.024788743"
4,gyLhT8qnpTk,"1,14,3,28,0,13,6,4,38,77,54,9,105,35,51,65,1107,2338,16,31","0.98576003,0.96027434,0.7001353,0.48244765,0.48050883,0.33837864,0.32326537,0.30411693,0.291808,0.18315189,0.13905409,0.11551331,0.1068804,0.052523233,0.047591474,0.042822286,0.042744927,0.042048644,0.031286534,0.024789123"
4,mbwhUy8a1YI,"1,0,14,105,9,38,13,3,77,183,4,51,237,2338,294,1107,424,16,28,192","0.9732055,0.9667525,0.5184044,0.16442792,0.13405196,0.11883913,0.08760946,0.06767061,0.052955005,0.03866686,0.037719302,0.03525105,0.03236826,0.029999252,0.02981289,0.02969546,0.020624453,0.017935846,0.017923934,0.01731067"
4,mbwhUy8a1YI,"1,0,14,105,9,38,13,3,77,183,4,51,237,2338,294,1107,424,16,28,192","0.9732055,0.9667525,0.518404,0.16442789,0.13405177,0.11883898,0.087609336,0.067670405,0.052954957,0.03866691,0.037719365,0.035251096,0.03236838,0.029999223,0.029812945,0.02969545,0.020624464,0.017935993,0.017923977,0.01731069"
4,mbwhUy8a1YI,"1,0,14,105,9,38,13,3,77,183,4,51,237,2338,294,1107,424,16,28,192","0.9732055,0.9667525,0.518404,0.16442789,0.13405177,0.11883898,0.087609336,0.067670405,0.052954957,0.03866691,0.037719365,0.035251096,0.03236838,0.029999223,0.029812945,0.02969545,0.020624464,0.017935993,0.017923977,0.01731069"
4,mbwhUy8a1YI,"1,0,14,105,9,38,13,3,77,183,4,51,237,2338,294,1107,424,16,28,192","0.97320527,0.9667527,0.5184048,0.16442911,0.1340538,0.11883933,0.087606564,0.06766866,0.052955937,0.038666867,0.03771863,0.035251763,0.0323687,0.029999249,0.029813478,0.029694924,0.02062418,0.017936084,0.017923664,0.017310975"
4,mbwhUy8a1YI,"1,0,14,105,9,38,13,3,77,183,4,51,237,2338,294,1107,424,16,28,192","0.97320527,0.9667527,0.5184048,0.16442911,0.1340538,0.11883933,0.087606564,0.06766866,0.052955937,0.038666867,0.03771863,0.035251763,0.0323687,0.029999249,0.029813478,0.029694924,0.02062418,0.017936084,0.017923664,0.017310975"
4,mbwhUy8a1YI,"1,0,14,105,9,38,13,3,77,183,4,51,237,2338,294,1107,424,16,28,192","0.97320527,0.9667527,0.5184048,0.16442911,0.1340538,0.11883933,0.087606564,0.06766866,0.052955937,0.038666867,0.03771863,0.035251763,0.0323687,0.029999249,0.029813478,0.029694924,0.02062418,0.017936084,0.017923664,0.017310975"
4,mbwhUy8a1YI,"1,0,14,105,9,38,13,3,77,183,4,51,237,2338,294,1107,424,16,28,192","0.97320527,0.9667527,0.5184048,0.16442911,0.1340538,0.11883933,0.087606564,0.06766866,0.052955937,0.038666867,0.03771863,0.035251763,0.0323687,0.029999249,0.029813478,0.029694924,0.02062418,0.017936084,0.017923664,0.017310975"
4,mbwhUy8a1YI,"1,0,14,105,9,38,13,3,77,183,4,51,237,2338,294,1107,424,16,28,192","0.97320527,0.9667527,0.5184048,0.16442911,0.1340538,0.11883933,0.087606564,0.06766866,0.052955937,0.038666867,0.03771863,0.035251763,0.0323687,0.029999249,0.029813478,0.029694924,0.02062418,0.017936084,0.017923664,0.017310975"
4,mbwhUy8a1YI,"1,0,14,105,9,38,13,3,77,183,4,51,237,2338,294,1107,424,16,28,192","0.97320527,0.9667527,0.5184048,0.16442911,0.1340538,0.11883933,0.087606564,0.06766866,0.052955937,0.038666867,0.03771863,0.035251763,0.0323687,0.029999249,0.029813478,0.029694924,0.02062418,0.017936084,0.017923664,0.017310975"
5,j7T8wV0OUnc,"1,3,0,14,13,4,28,54,38,77,9,6,5,65,105,2338,51,294,192,35","0.99211496,0.85403955,0.8443811,0.83644783,0.43885595,0.40627483,0.25768965,0.2349399,0.18532254,0.14320254,0.12810028,0.090058744,0.08971575,0.067495786,0.052950308,0.052153062,0.04666173,0.046372864,0.02958363,0.023571528"
5,j7T8wV0OUnc,"1,3,0,14,13,4,28,54,38,77,9,6,5,65,105,2338,51,294,192,35","0.99211496,0.85403955,0.8443811,0.83644783,0.43885595,0.40627483,0.25768965,0.2349399,0.18532254,0.14320254,0.12810028,0.090058744,0.08971575,0.067495786,0.052950308,0.052153062,0.04666173,0.046372864,0.02958363,0.023571528"
5,4v-rIjHpyEk,"0,1,14,3,12,9,4,38,13,192,105,28,294,237,31,183,77,54,184,33","0.9644898,0.92215073,0.43023747,0.13084671,0.06987319,0.06897864,0.06138971,0.05277388,0.038864996,0.038736258,0.02613117,0.021012943,0.018307831,0.013951138,0.010474062,0.007895689,0.0077128797,0.0068810955,0.00430153,0.004065666"
5,4v-rIjHpyEk,"0,1,14,3,12,9,4,38,13,192,105,28,294,237,31,183,77,54,184,33","0.96449006,0.9221509,0.43023813,0.13084647,0.06987314,0.06897854,0.061389524,0.052773863,0.038865022,0.038736302,0.026131166,0.021012897,0.018307865,0.013951141,0.010474007,0.007895709,0.00771286,0.0068810936,0.0043015247,0.0040656542"
5,4v-rIjHpyEk,"0,1,14,3,12,9,4,38,13,192,105,28,294,237,31,183,77,54,184,33","0.96448964,0.92215085,0.43023637,0.13084468,0.06987489,0.06897987,0.061390463,0.05277377,0.038865395,0.038736265,0.026130525,0.021012697,0.01830779,0.013951199,0.010474199,0.007895664,0.0077127516,0.0068810224,0.004301554,0.0040655923"
5,MG-bIQn5XYY,"0,1,14,9,28,3,38,13,31,4,33,5,77,2128,16,10,6,51,105,294","0.9678766,0.9491336,0.6391716,0.49241862,0.26965797,0.26298693,0.23507477,0.14099146,0.09184695,0.084915966,0.07089318,0.020265559,0.016527431,0.009246107,0.008244209,0.007746845,0.0045076846,0.004236061,0.004038779,0.004028689"
5,MG-bIQn5XYY,"0,1,14,9,28,3,38,13,31,4,33,5,77,2128,16,10,6,51,105,294","0.9678767,0.9491336,0.63917184,0.49241868,0.26965785,0.26298612,0.23507454,0.14099139,0.09184701,0.08491602,0.0708933,0.020265512,0.016527377,0.009246099,0.008244194,0.0077468352,0.0045076637,0.0042360355,0.004038753,0.004028671"
5,MG-bIQn5XYY,"0,1,14,9,28,3,38,13,31,4,33,5,77,2128,16,10,6,51,105,294","0.9678768,0.949134,0.6391718,0.49242353,0.26965913,0.26298457,0.23507482,0.14099205,0.09184571,0.08491587,0.07089448,0.020264717,0.016527414,0.009246224,0.008243927,0.0077470327,0.004507759,0.0042359694,0.004038961,0.004028779"
5,MG-bIQn5XYY,"0,1,14,9,28,3,38,13,31,4,33,5,77,2128,16,10,6,51,105,294","0.9678768,0.949134,0.6391718,0.49242353,0.26965913,0.26298457,0.23507482,0.14099205,0.09184571,0.08491587,0.07089448,0.020264717,0.016527414,0.009246224,0.008243927,0.0077470327,0.004507759,0.0042359694,0.004038961,0.004028779"
5,MG-bIQn5XYY,"0,1,14,9,28,3,38,13,31,4,33,5,77,2128,16,10,6,51,105,294","0.9678768,0.949134,0.6391718,0.49242353,0.26965913,0.26298457,0.23507482,0.14099205,0.09184571,0.08491587,0.07089448,0.020264717,0.016527414,0.009246224,0.008243927,0.0077470327,0.004507759,0.0042359694,0.004038961,0.004028779"
5,MG-bIQn5XYY,"0,1,14,9,28,3,38,13,31,4,33,5,77,2128,16,10,6,51,105,294","0.9678768,0.949134,0.6391718,0.49242353,0.26965913,0.26298457,0.23507482,0.14099205,0.09184571,0.08491587,0.07089448,0.020264717,0.016527414,0.009246224,0.008243927,0.0077470327,0.004507759,0.0042359694,0.004038961,0.004028779"
5,MG-bIQn5XYY,"0,1,14,9,28,3,38,13,31,4,33,5,77,2128,16,10,6,51,105,294","0.9678768,0.949134,0.6391718,0.49242353,0.26965913,0.26298457,0.23507482,0.14099205,0.09184571,0.08491587,0.07089448,0.020264717,0.016527414,0.009246224,0.008243927,0.0077470327,0.004507759,0.0042359694,0.004038961,0.004028779"
5,MG-bIQn5XYY,"0,1,14,9,28,3,38,13,31,4,33,5,77,2128,16,10,6,51,105,294","0.9678768,0.949134,0.6391718,0.49242353,0.26965913,0.26298457,0.23507482,0.14099205,0.09184571,0.08491587,0.07089448,0.020264717,0.016527414,0.009246224,0.008243927,0.0077470327,0.004507759,0.0042359694,0.004038961,0.004028779"
6,j7T8wV0OUnc,"1,3,0,14,13,4,28,54,38,77,9,6,5,65,105,2338,51,294,192,35","0.99211496,0.85404044,0.8443788,0.836447,0.4388567,0.4062769,0.25769266,0.23494187,0.18532264,0.1432033,0.12809852,0.09005754,0.08971561,0.06749581,0.052950907,0.05215304,0.046661954,0.046373174,0.029583707,0.02357126"
6,j7T8wV0OUnc,"1,3,0,14,13,4,28,54,38,77,9,6,5,65,105,2338,51,294,192,35","0.99211484,0.85404074,0.844377,0.83644587,0.4388561,0.40627232,0.25768977,0.2349408,0.18532206,0.14320263,0.12809798,0.090058275,0.089714035,0.06749635,0.052950345,0.052153,0.046661768,0.046372615,0.029583082,0.023571089"
6,XcFA0Gr0XPg,"1,14,0,3,4,105,54,16,77,38,28,13,2338,1107,294,9,1189,6,192,51","0.95498145,0.9400747,0.5247931,0.27013057,0.2225007,0.1394305,0.13942802,0.10302523,0.10191479,0.09350436,0.07865466,0.073027894,0.05883501,0.028468583,0.026026057,0.023441337,0.021314995,0.02082782,0.020366559,0.018447699"
6,XcFA0Gr0XPg,"1,14,0,3,4,105,54,16,77,38,28,13,2338,1107,294,9,1189,6,192,51","0.95498145,0.94007474,0.5247946,0.2701252,0.22249928,0.13943052,0.13942668,0.10302537,0.101916805,0.093504064,0.07865502,0.07302766,0.058835045,0.028467888,0.026026381,0.023441195,0.021314362,0.020827977,0.02036669,0.018448073"
6,XcFA0Gr0XPg,"1,14,0,3,4,105,54,16,77,38,28,13,2338,1107,294,9,1189,6,192,51","0.95498157,0.94007474,0.5247953,0.27012658,0.2224999,0.13943003,0.13942683,0.10302492,0.10191619,0.09350446,0.078655116,0.073027536,0.058835268,0.02846796,0.02602623,0.023441184,0.021314425,0.020828031,0.020366522,0.018447917"
6,XcFA0Gr0XPg,"1,14,0,3,4,105,54,16,77,38,28,13,2338,1107,294,9,1189,6,192,51","0.9549814,0.9400745,0.5247958,0.27012545,0.22249824,0.13943096,0.13942593,0.103025384,0.101916224,0.09350539,0.07865599,0.073026784,0.058835085,0.028468342,0.026026329,0.023441156,0.021314599,0.020827925,0.020366777,0.018447803"
6,XcFA0Gr0XPg,"1,14,0,3,4,105,54,16,77,38,28,13,2338,1107,294,9,1189,6,192,51","0.9549814,0.9400745,0.5247958,0.27012545,0.22249824,0.13943096,0.13942593,0.103025384,0.101916224,0.09350539,0.07865599,0.073026784,0.058835085,0.028468342,0.026026329,0.023441156,0.021314599,0.020827925,0.020366777,0.018447803"
6,XcFA0Gr0XPg,"1,14,0,3,4,105,54,16,77,38,28,13,2338,1107,294,9,1189,6,192,51","0.9549814,0.9400745,0.5247958,0.27012545,0.22249824,0.13943096,0.13942593,0.103025384,0.101916224,0.09350539,0.07865599,0.073026784,0.058835085,0.028468342,0.026026329,0.023441156,0.021314599,0.020827925,0.020366777,0.018447803"
6,XcFA0Gr0XPg,"1,14,0,3,4,105,54,16,77,38,28,13,2338,1107,294,9,1189,6,192,51","0.9549814,0.9400745,0.5247958,0.27012545,0.22249824,0.13943096,0.13942593,0.103025384,0.101916224,0.09350539,0.07865599,0.073026784,0.058835085,0.028468342,0.026026329,0.023441156,0.021314599,0.020827925,0.020366777,0.018447803"
7,zUUrRB6Z87M,"1,0,14,3,28,4,13,38,9,6,105,77,51,54,31,33,35,65,2338,294","0.9928247,0.9511409,0.86798334,0.79665583,0.46838033,0.4447468,0.42240983,0.41421416,0.30576015,0.21675982,0.1452298,0.100265965,0.060168143,0.05249645,0.040896215,0.03825644,0.037140094,0.027715445,0.027609184,0.023776334"
7,HTPSMhmHb8s,"1,3,14,0,28,4,38,13,9,54,6,77,16,5,31,33,10,51,1107,105","0.965011,0.8890248,0.6771956,0.5260629,0.36693993,0.33900404,0.33369872,0.30708456,0.19125196,0.1349855,0.115781836,0.08393657,0.072063595,0.05129833,0.050091054,0.034983817,0.021695053,0.0141128255,0.011200251,0.01076529"
7,HTPSMhmHb8s,"1,3,14,0,28,4,38,13,9,54,6,77,16,5,31,33,10,51,1107,105","0.9650111,0.8890243,0.6771957,0.5260653,0.36694017,0.33900324,0.33369946,0.30708396,0.19125152,0.1349852,0.11578145,0.0839369,0.07206341,0.051298298,0.050091013,0.034984,0.02169491,0.01411277,0.011200106,0.0107651865"
7,HTPSMhmHb8s,"1,3,14,0,28,4,38,13,9,54,6,77,16,5,31,33,10,51,1107,105","0.96501154,0.8890242,0.6771949,0.5260691,0.36694202,0.3390043,0.33370146,0.30708498,0.19125266,0.13498488,0.11578109,0.08393613,0.07206295,0.05129841,0.050090987,0.03498436,0.021694893,0.014112636,0.011199668,0.0107654"
7,HTPSMhmHb8s,"1,3,14,0,28,4,38,13,9,54,6,77,16,5,31,33,10,51,1107,105","0.96501154,0.8890242,0.6771949,0.5260691,0.36694202,0.3390043,0.33370146,0.30708498,0.19125266,0.13498488,0.11578109,0.08393613,0.07206295,0.05129841,0.050090987,0.03498436,0.021694893,0.014112636,0.011199668,0.0107654"
7,HTPSMhmHb8s,"1,3,14,0,28,4,38,13,9,54,6,77,16,5,31,33,10,51,1107,105","0.96501154,0.8890242,0.6771949,0.5260691,0.36694202,0.3390043,0.33370146,0.30708498,0.19125266,0.13498488,0.11578109,0.08393613,0.07206295,0.05129841,0.050090987,0.03498436,0.021694893,0.014112636,0.011199668,0.0107654"
7,HTPSMhmHb8s,"1,3,14,0,28,4,38,13,9,54,6,77,16,5,31,33,10,51,1107,105","0.96501154,0.8890242,0.6771949,0.5260691,0.36694202,0.3390043,0.33370146,0.30708498,0.19125266,0.13498488,0.11578109,0.08393613,0.07206295,0.05129841,0.050090987,0.03498436,0.021694893,0.014112636,0.011199668,0.0107654"
8,Jo5pIsFWp0w,"1,3,0,14,4,13,38,77,28,54,9,6,51,31,3227,105,33,35,16,15","0.97579396,0.8831769,0.5561714,0.5463204,0.5118254,0.36298335,0.32583317,0.15179393,0.14825468,0.13942361,0.09755522,0.058771197,0.058497265,0.03624737,0.034329966,0.026215898,0.018974127,0.0148725705,0.01374371,0.012892528"
8,Jo5pIsFWp0w,"1,3,0,14,4,13,38,77,28,54,9,6,51,31,3227,105,33,35,16,15","0.9757939,0.88317573,0.556175,0.54632,0.5118239,0.36298123,0.32583216,0.15179406,0.14825143,0.13942069,0.09755526,0.058771376,0.05849725,0.036247056,0.034330294,0.02621629,0.01897373,0.014872503,0.013743541,0.012892858"
8,Jo5pIsFWp0w,"1,3,0,14,4,13,38,77,28,54,9,6,51,31,3227,105,33,35,16,15","0.9757939,0.88317573,0.556175,0.54632,0.5118239,0.36298123,0.32583216,0.15179406,0.14825143,0.13942069,0.09755526,0.058771376,0.05849725,0.036247056,0.034330294,0.02621629,0.01897373,0.014872503,0.013743541,0.012892858"
8,Jo5pIsFWp0w,"1,3,0,14,4,13,38,77,28,54,9,6,51,31,3227,105,33,35,16,15","0.9757939,0.88317573,0.556175,0.54632,0.5118239,0.36298123,0.32583216,0.15179406,0.14825143,0.13942069,0.09755526,0.058771376,0.05849725,0.036247056,0.034330294,0.02621629,0.01897373,0.014872503,0.013743541,0.012892858"
8,Jo5pIsFWp0w,"1,3,0,14,4,13,38,77,28,54,9,6,51,31,3227,105,33,35,16,15","0.9757939,0.88317573,0.556175,0.54632,0.5118239,0.36298123,0.32583216,0.15179406,0.14825143,0.13942069,0.09755526,0.058771376,0.05849725,0.036247056,0.034330294,0.02621629,0.01897373,0.014872503,0.013743541,0.012892858"
9,gyLhT8qnpTk,"1,14,3,28,0,13,6,4,38,77,54,9,105,35,51,65,1107,2338,16,31","0.9857601,0.9602741,0.70013463,0.48244667,0.48051068,0.33837828,0.3232647,0.3041162,0.2918079,0.18315214,0.13905416,0.11551265,0.10688052,0.052523218,0.047591683,0.042822283,0.04274513,0.042048655,0.031286534,0.024789082"
9,gyLhT8qnpTk,"1,14,3,28,0,13,6,4,38,77,54,9,105,35,51,65,1107,2338,16,31","0.98576003,0.96027434,0.7001353,0.48244765,0.48050883,0.33837864,0.32326537,0.30411693,0.291808,0.18315189,0.13905409,0.11551331,0.1068804,0.052523233,0.047591474,0.042822286,0.042744927,0.042048644,0.031286534,0.024789123"
9,gyLhT8qnpTk,"1,14,3,28,0,13,6,4,38,77,54,9,105,35,51,65,1107,2338,16,31","0.98576003,0.96027434,0.7001353,0.48244765,0.48050883,0.33837864,0.32326537,0.30411693,0.291808,0.18315189,0.13905409,0.11551331,0.1068804,0.052523233,0.047591474,0.042822286,0.042744927,0.042048644,0.031286534,0.024789123"
9,gyLhT8qnpTk,"1,14,3,28,0,13,6,4,38,77,54,9,105,35,51,65,1107,2338,16,31","0.98576003,0.96027434,0.7001353,0.48244765,0.48050883,0.33837864,0.32326537,0.30411693,0.291808,0.18315189,0.13905409,0.11551331,0.1068804,0.052523233,0.047591474,0.042822286,0.042744927,0.042048644,0.031286534,0.024789123"
10,4v-rIjHpyEk,"0,1,14,3,12,9,4,38,13,192,105,28,294,237,31,183,77,54,184,33","0.9644897,0.9221508,0.43023664,0.1308443,0.06987498,0.06897977,0.061390363,0.052773926,0.038865384,0.0387362,0.026130565,0.021012766,0.018307796,0.013951205,0.010474156,0.007895647,0.0077127432,0.0068810247,0.004301562,0.004065607"
10,4v-rIjHpyEk,"0,1,14,3,12,9,4,38,13,192,105,28,294,237,31,183,77,54,184,33","0.96448964,0.92215085,0.43023637,0.13084468,0.06987489,0.06897987,0.061390463,0.05277377,0.038865395,0.038736265,0.026130525,0.021012697,0.01830779,0.013951199,0.010474199,0.007895664,0.0077127516,0.0068810224,0.004301554,0.0040655923"
10,4v-rIjHpyEk,"0,1,14,3,12,9,4,38,13,192,105,28,294,237,31,183,77,54,184,33","0.96448964,0.92215085,0.43023637,0.13084468,0.06987489,0.06897987,0.061390463,0.05277377,0.038865395,0.038736265,0.026130525,0.021012697,0.01830779,0.013951199,0.010474199,0.007895664,0.0077127516,0.0068810224,0.004301554,0.0040655923"
11,j7T8wV0OUnc,"1,3,0,14,13,4,28,54,38,77,9,6,5,65,105,2338,51,294,192,35","0.9921147,0.85403997,0.8443782,0.8364472,0.43885347,0.40627164,0.25768492,0.23494118,0.1853196,0.14320107,0.12809828,0.09005818,0.08971435,0.06749541,0.05295079,0.052153207,0.046662055,0.04637224,0.029583193,0.023570985"
11,j7T8wV0OUnc,"1,3,0,14,13,4,28,54,38,77,9,6,5,65,105,2338,51,294,192,35","0.9921147,0.85403997,0.8443782,0.8364472,0.43885347,0.40627164,0.25768492,0.23494118,0.1853196,0.14320107,0.12809828,0.09005818,0.08971435,0.06749541,0.05295079,0.052153207,0.046662055,0.04637224,0.029583193,0.023570985"
12,zUUrRB6Z87M,"1,0,14,3,28,4,13,38,9,6,105,77,51,54,31,33,35,65,2338,294","0.9928246,0.9511411,0.86798275,0.7966569,0.4683786,0.4447474,0.42241076,0.4142131,0.3057602,0.21675922,0.14522965,0.10026625,0.060167763,0.052496213,0.040896375,0.038256325,0.037140433,0.027715731,0.02760914,0.023776408"
